Plugin ID,CVE,CVSS,Risk,Host,Protocol,Port,Name,Synopsis,Description,Solution,See Also,Plugin Output,Asset UUID,Vulnerability State,IP Address,FQDN,NetBios,OS,MAC Address,Plugin Family,CVSS Base Score,CVSS Temporal Score,CVSS Temporal Vector,CVSS Vector,CVSS3 Base Score,CVSS3 Temporal Score,CVSS3 Temporal Vector,CVSS3 Vector,System Type,Host Start,Host End
"10287","","0.0","None","10.42.0.64","UDP","0","Traceroute Information","It was possible to obtain traceroute information.","Makes a traceroute to the remote host.","n/a","","For your information, here is the traceroute from 10.42.0.242 to 10.42.0.64 : 
10.42.0.242
10.42.0.64

Hop Count: 1
","00a252d5-8923-4194-a481-c09810d73107","Active","10.42.0.64","nest-hello-4f10","","","18:B4:30:EC:4F:10","General","","","","","","","","","","2019-04-15T21:25:43.561Z","2019-04-15T21:30:18.927Z"
"10114","CVE-1999-0524","0.0","None","10.42.0.64","ICMP","0","ICMP Timestamp Request Remote Date Disclosure","It is possible to determine the exact time set on the remote host.","The remote host answers to an ICMP timestamp request.  This allows an
attacker to know the date that is set on the targeted machine, which
may assist an unauthenticated, remote attacker in defeating time-based
authentication protocols.

Timestamps returned from machines running Windows Vista / 7 / 2008 /
2008 R2 are deliberately incorrect, but usually within 1000 seconds of
the actual system time.","Filter out the ICMP timestamp requests (13), and the outgoing ICMP
timestamp replies (14).","","The remote clock is synchronized with the local clock.
","00a252d5-8923-4194-a481-c09810d73107","Active","10.42.0.64","nest-hello-4f10","","","18:B4:30:EC:4F:10","General","","","","","","","","","","2019-04-15T21:25:43.561Z","2019-04-15T21:30:18.927Z"
"12053","","0.0","None","10.42.0.64","TCP","0","Host Fully Qualified Domain Name (FQDN) Resolution","It was possible to resolve the name of the remote host.","Nessus was able to resolve the fully qualified domain name (FQDN) of
the remote host.","n/a","","
10.42.0.64 resolves as Nest-Hello-4f10.
","00a252d5-8923-4194-a481-c09810d73107","Active","10.42.0.64","nest-hello-4f10","","","18:B4:30:EC:4F:10","General","","","","","","","","","","2019-04-15T21:25:43.561Z","2019-04-15T21:30:18.927Z"
"86420","","0.0","None","10.42.0.64","TCP","0","Ethernet MAC Addresses","This plugin gathers MAC addresses from various sources and
consolidates them into a list.","This plugin gathers MAC addresses discovered from both remote probing
of the host (e.g. SNMP and Netbios) and from running local checks
(e.g. ifconfig). It then consolidates the MAC addresses into a single,
unique, and uniform list.","n/a","","The following is a consolidated list of detected MAC addresses:
  - 18:B4:30:EC:4F:10
","00a252d5-8923-4194-a481-c09810d73107","Active","10.42.0.64","nest-hello-4f10","","","18:B4:30:EC:4F:10","General","","","","","","","","","","2019-04-15T21:25:43.561Z","2019-04-15T21:30:18.927Z"
"35716","","0.0","None","10.42.0.64","TCP","0","Ethernet Card Manufacturer Detection","The manufacturer can be identified from the Ethernet OUI.","Each ethernet MAC address starts with a 24-bit Organizationally 
Unique Identifier (OUI). These OUIs are registered by IEEE.","n/a","https://standards.ieee.org/faqs/regauth.html
http://www.nessus.org/u?794673b4","
The following card manufacturers were identified :

18:B4:30:EC:4F:10 : Nest Labs Inc.
","00a252d5-8923-4194-a481-c09810d73107","Active","10.42.0.64","nest-hello-4f10","","","18:B4:30:EC:4F:10","Misc.","","","","","","","","","","2019-04-15T21:25:43.561Z","2019-04-15T21:30:18.927Z"
"19506","","0.0","None","10.42.0.64","TCP","0","Nessus Scan Information","This plugin displays information about the Nessus scan.","This plugin displays, for each tested host, information about the
scan itself :

  - The version of the plugin set.
  - The type of scanner (Nessus or Nessus Home).
  - The version of the Nessus Engine.
  - The port scanner(s) used.
  - The port range scanned.
  - Whether credentialed or third-party patch management
    checks are possible.
  - The date of the scan.
  - The duration of the scan.
  - The number of hosts scanned in parallel.
  - The number of checks done in parallel.","n/a","","Information about this scan : 

Nessus version : 8.3.1
Plugin feed version : 201904122342
Scanner edition used : Nessus
Scan type : Normal
Scan policy used : Basic Network Scan
Scanner IP : 10.42.0.242
Port scanner(s) : nessus_syn_scanner 
Port range : default
Thorough tests : no
Experimental tests : no
Paranoia level : 1
Report verbosity : 1
Safe checks : yes
Optimize the test : yes
Credentialed checks : no
Patch management checks : None
CGI scanning : disabled
Web application tests : disabled
Max hosts : 5
Max checks : 5
Recv timeout : 5
Backports : None
Allow post-scan editing: Yes
Scan Start Date : 2019/4/15 17:26 Eastern Standard Time
Scan duration : 215 sec
","00a252d5-8923-4194-a481-c09810d73107","Active","10.42.0.64","nest-hello-4f10","","","18:B4:30:EC:4F:10","Settings","","","","","","","","","","2019-04-15T21:25:43.561Z","2019-04-15T21:30:18.927Z"
